palabra1,palabra2,idioma1,idioma2,dist_euclidiana,dist_coseno,sim_ort,comparten_inicial,diff_len,label
august,december,en,en,0.34974658,0.938838029,0,0,2,O
august,march,en,en,0.343819735,0.940894997,0.181818182,0,1,O
december,march,en,en,0.240331438,0.971120826,0.153846154,0,3,O
family,relatives,en,en,0.905978112,0.589564025,0.266666667,0,3,O
family,parents,en,en,0.999853444,0.500127727,0.153846154,0,1,O
relatives,parents,en,en,0.895176971,0.599295863,0.5,0,2,O
several,different,en,en,1.000369802,0.49961055,0.25,0,2,O
different,various,en,en,0.782306385,0.693985244,0.125,0,2,O
several,various,en,en,0.666900427,0.777618236,0.142857143,0,0,O
especially,several,en,en,1.03227895,0.467214042,0.470588235,0,3,O
especially,various,en,en,1.002190496,0.497818387,0.117647059,0,3,O
depend,different,en,en,1.024678901,0.47498504,0.533333333,1,3,O
depend,instance,en,en,1.018135315,0.481685142,0.142857143,0,2,O
different,instance,en,en,0.998662681,0.501319203,0.235294118,0,1,O
dollar,million,en,en,0.995779564,0.504234613,0.307692308,0,1,O
dollar,billion,en,en,0.944614334,0.553859406,0.307692308,0,1,O
million,billion,en,en,0.505073757,0.872457426,0.857142857,0,0,O
policy,violation,en,en,0.980667997,0.519128502,0.4,0,3,O
policy,ignore,en,en,1.045915317,0.453040439,0.166666667,0,0,O
violation,ignore,en,en,1.006877743,0.493086812,0.266666667,0,3,O
actually,instance,en,en,0.95360464,0.54531054,0.25,0,0,O
actually,imagine,en,en,0.878935993,0.613727235,0.133333333,0,1,O
instance,imagine,en,en,0.975615688,0.524083753,0.4,1,1,O
actually,absolutely,en,en,0.914049178,0.582236956,0.444444444,1,2,O
absolutely,imagine,en,en,0.936949935,0.561046546,0.235294118,0,3,O
realize,actually,en,en,0.846045099,0.642099642,0.266666667,0,1,O
realize,imagine,en,en,0.905971385,0.589608013,0.142857143,0,0,O
realize,fortunately,en,en,0.905358813,0.590138222,0.333333333,0,4,O
actually,fortunately,en,en,0.936625064,0.561330759,0.526315789,0,3,O
despite,ultimately,en,en,0.953185302,0.545707515,0.352941176,0,3,O
despite,finally,en,en,1.036708411,0.462614039,0.142857143,0,0,O
finally,ultimately,en,en,0.798632863,0.681094799,0.470588235,0,3,O
despite,fortunately,en,en,1.006293968,0.493643568,0.222222222,0,4,O
fortunately,finally,en,en,0.909214452,0.586642692,0.555555556,1,4,O
fortunately,ultimately,en,en,0.95629862,0.542714084,0.571428571,0,1,O
minutes,minute,en,en,0.688739987,0.762833047,0.923076923,1,1,O
minutes,hour,en,en,0.776759564,0.698344644,0.181818182,0,3,O
minute,hour,en,en,0.838505474,0.648456727,0.2,0,2,O
immediately,ultimately,en,en,0.978177428,0.521583006,0.666666667,0,1,O
immediately,finally,en,en,0.814770845,0.668079192,0.444444444,0,4,O
immediately,fortunately,en,en,0.991126576,0.508803482,0.454545455,0,0,O
remove,disappear,en,en,1.025947523,0.473721977,0.133333333,0,3,O
remove,ignore,en,en,0.908652315,0.587192016,0.333333333,0,0,O
disappear,ignore,en,en,1.009695692,0.490257807,0.266666667,0,3,O
insist,remove,en,en,1.025396114,0.474278428,0,0,0,O
insist,ignore,en,en,0.839130145,0.647924548,0.333333333,1,0,O
flower,garden,en,en,0.97749955,0.522243448,0.166666667,0,0,O
flower,vegetable,en,en,1.03275425,0.466729141,0.266666667,0,3,O
garden,vegetable,en,en,1.027321405,0.472310809,0.4,0,3,O
argument,insist,en,en,0.940897981,0.557366658,0.285714286,0,2,O
argument,ignore,en,en,0.94938527,0.549365767,0.285714286,0,2,O
interesting,curious,en,en,0.832321248,0.653615204,0.222222222,0,4,O
interesting,bizarre,en,en,0.989358797,0.510568632,0.333333333,0,4,O
curious,bizarre,en,en,0.882930569,0.610204622,0.142857143,0,0,O
discuss,invite,en,en,0.930692495,0.566914212,0.153846154,0,1,O
discuss,decide,en,en,0.921400581,0.575525314,0.307692308,1,1,O
invite,decide,en,en,0.915202245,0.581197033,0.333333333,0,0,O
discuss,engage,en,en,0.989766584,0.510191515,0,0,1,O
invite,engage,en,en,1.008432462,0.491518533,0.333333333,0,0,O
realize,moment,en,en,0.975625738,0.524063204,0.153846154,0,1,O
realize,contemplate,en,en,0.917782638,0.578844786,0.333333333,0,4,O
moment,contemplate,en,en,0.988146624,0.51177204,0.352941176,0,5,O
manner,describe,en,en,1.043067999,0.456030998,0.285714286,0,2,O
instance,describe,en,en,0.995041778,0.504959925,0.25,0,0,O
manner,instance,en,en,1.024674539,0.475029815,0.428571429,0,2,O
capture,escape,en,en,0.938478204,0.559658159,0.615384615,0,1,O
capture,destroy,en,en,0.988653337,0.511299639,0.285714286,0,0,O
destroy,escape,en,en,0.952741969,0.546152267,0.307692308,0,1,O
trap,capture,en,en,1.039883917,0.459351813,0.363636364,0,3,O
trap,escape,en,en,0.937307591,0.560747454,0.4,0,2,O
disaster,accident,en,en,0.896682145,0.597985935,0.25,0,0,O
disaster,explosion,en,en,0.960594837,0.538615986,0.117647059,0,1,O
accident,explosion,en,en,0.922351739,0.574645373,0.235294118,0,1,O
examine,describe,en,en,0.998686873,0.501338881,0.4,0,1,O
examine,articulate,en,en,1.041136667,0.458020743,0.117647059,0,3,O
describe,articulate,en,en,1.041052712,0.458111814,0.111111111,0,2,O
ceremony,celebrate,en,en,0.933617074,0.564181363,0.470588235,1,1,O
ceremony,parade,en,en,1.026116616,0.473523085,0.142857143,0,2,O
celebrate,parade,en,en,0.962798167,0.536481035,0.4,0,3,O
dinner,ceremony,en,en,0.976555011,0.523178206,0.285714286,0,2,O
dinner,celebrate,en,en,0.982411426,0.517429704,0.266666667,0,3,O
dinner,feast,en,en,0.983640341,0.516235631,0.181818182,0,1,O
ceremony,feast,en,en,1.043406924,0.455668966,0.153846154,0,3,O
celebrate,feast,en,en,0.925467012,0.571758593,0.428571429,0,4,O
invite,invitation,en,en,0.814227849,0.668509695,0.625,1,4,O
invite,attend,en,en,0.988544121,0.511386097,0.333333333,0,0,O
invitation,attend,en,en,1.039992111,0.459207764,0.375,0,4,O
flower,fruit,en,en,0.910478896,0.585519437,0.363636364,1,1,O
vegetable,fruit,en,en,0.871577088,0.620188582,0.142857143,0,4,O
vegetable,corn,en,en,0.882007494,0.611026459,0,0,5,O
corn,fruit,en,en,0.980139082,0.519645951,0.222222222,0,1,O
avocado,corn,en,en,0.955901731,0.543139338,0.181818182,0,3,O
avocado,fruit,en,en,0.848377581,0.640154122,0,0,2,O
grape,juice,en,en,0.936069805,0.561923069,0.2,0,0,O
grape,fruit,en,en,0.884838584,0.608553303,0.2,0,0,O
juice,fruit,en,en,0.880618317,0.612267908,0.4,0,0,O
grape,avocado,en,en,0.949104378,0.549656692,0.166666667,0,2,O
juice,lemon,en,en,0.859200594,0.630892674,0.2,0,0,O
fruit,lemon,en,en,0.996431282,0.503557614,0,0,0,O
avocado,juice,en,en,0.924572809,0.572624341,0.166666667,0,2,O
avocado,lemon,en,en,0.975668632,0.524062352,0.166666667,0,2,O
avocado,vegetable,en,en,0.874378351,0.617768541,0.125,0,2,O
disaster,catastrophe,en,en,0.803772119,0.676962562,0.421052632,0,3,O
explosion,catastrophe,en,en,0.940613087,0.557612517,0.1,0,2,O
contemplate,imagine,en,en,0.949491653,0.549235928,0.222222222,0,4,O
realize,admit,en,en,0.826620064,0.658336938,0.333333333,0,2,O
realize,pretend,en,en,0.806472783,0.674808225,0.428571429,0,0,O
admit,pretend,en,en,0.885573577,0.607869937,0.166666667,0,2,O
locate,examine,en,en,0.976021952,0.523689911,0.307692308,0,1,O
investigate,examine,en,en,0.76378734,0.7083215,0.333333333,0,4,O
investigate,locate,en,en,0.943714231,0.554691111,0.352941176,0,5,O
probe,examine,en,en,1.045697867,0.453278495,0.166666667,0,2,O
probe,investigate,en,en,0.991346211,0.508623753,0.125,0,6,O
insist,pretend,en,en,0.855742531,0.633847403,0.153846154,0,1,O
pretend,ignore,en,en,0.855611711,0.633976075,0.307692308,0,1,O
brilliant,extraordinary,en,en,1.012293204,0.487632626,0.272727273,0,4,O
brilliant,terrific,en,en,0.879972306,0.612825625,0.352941176,0,1,O
extraordinary,terrific,en,en,1.023636337,0.476077616,0.380952381,0,5,O
extraordinary,incredible,en,en,0.905153567,0.59037263,0.260869565,0,3,O
incredible,terrific,en,en,0.796945337,0.68245793,0.222222222,0,2,O
insist,admit,en,en,0.871052318,0.62060606,0.363636364,0,1,O
adapt,accommodate,en,en,1.028181905,0.471376832,0.5,1,6,O
adapt,introduce,en,en,0.997679643,0.502299702,0.142857143,0,4,O
accommodate,introduce,en,en,1.047514267,0.451346594,0.3,0,2,O
adopt,adapt,en,en,0.962172334,0.537098499,0.8,1,0,O
adopt,introduce,en,en,0.891107766,0.602977405,0.142857143,0,4,O
blouse,costume,en,en,0.923603362,0.573485609,0.461538462,0,1,O
blouse,gloves,en,en,0.97558503,0.524111998,0.5,0,0,O
costume,gloves,en,en,1.016415358,0.483478117,0.307692308,0,1,O
brilliant,glorious,en,en,0.977572984,0.522175392,0.235294118,0,1,O
brilliant,magnificent,en,en,0.955368416,0.543650452,0.4,0,2,O
glorious,magnificent,en,en,0.962280068,0.537014788,0.210526316,0,3,O
asylum,deport,en,en,1.025344479,0.474346168,0,0,0,O
detain,deport,en,en,0.819858915,0.663908132,0.5,1,0,O
asylum,detain,en,en,1.021635777,0.478156414,0.166666667,0,0,O
nervous,constipated,en,en,1.040113056,0.459053228,0.222222222,0,4,O
appetite,constipated,en,en,0.960823053,0.538406115,0.421052632,0,3,O
nervous,appetite,en,en,0.993434542,0.506542783,0.133333333,0,1,O
allergic,nervous,en,en,0.965245622,0.534135689,0.266666667,0,1,O
allergic,constipated,en,en,0.925129364,0.572052082,0.210526316,0,3,O
blouse,fabric,en,en,0.962530867,0.536762146,0.166666667,0,0,O
fabric,gloves,en,en,1.048621266,0.450211515,0,0,0,O
brave,ferocious,en,en,1.017110884,0.482718146,0.142857143,0,4,O
brave,terrific,en,en,1.034406632,0.464982708,0.153846154,0,3,O
ferocious,terrific,en,en,0.963622867,0.535703996,0.352941176,0,1,O
remark,insult,en,en,0.831248802,0.654488688,0,0,0,O
remark,apology,en,en,0.854563093,0.634855249,0.153846154,0,1,O
insult,apology,en,en,0.944930204,0.55351494,0.153846154,0,1,O
actuality,pretension,en,en,1.028134602,0.471471079,0.210526316,0,1,O
actuality,necessity,en,en,0.978405673,0.521369791,0.444444444,0,0,O
pretension,necessity,en,en,1.009391312,0.490590407,0.421052632,0,1,O
delicate,demure,en,en,1.027499611,0.472144342,0.428571429,1,2,O
delicate,gentle,en,en,0.966529549,0.532911733,0.428571429,0,2,O
gentle,demure,en,en,1.014953181,0.484935298,0.333333333,0,0,O
embarrassed,disgust,en,en,0.849432593,0.639230876,0.222222222,0,4,O
embarrassed,furious,en,en,0.894749876,0.599702641,0.222222222,0,4,O
disgust,furious,en,en,0.971142538,0.528466588,0.428571429,0,0,O
embarrassed,fiancé,en,en,0.986695242,0.513198784,0.117647059,0,5,O
fiancé,furious,en,en,1.003844739,0.496158803,0.307692308,1,1,O
disgrace,disgust,en,en,0.92491312,0.572267276,0.533333333,1,1,O
disgrace,regret,en,en,0.934458009,0.563376618,0.428571429,0,2,O
disgust,regret,en,en,0.863348001,0.627327635,0.307692308,0,1,O
contagious,allergic,en,en,1.01005439,0.489892925,0.333333333,0,2,O
contagious,influenza,en,en,0.917507646,0.579074265,0.210526316,0,1,O
allergic,influenza,en,en,0.990923271,0.509012275,0.117647059,0,1,O
embarrassed,disgrace,en,en,0.950954137,0.547808222,0.315789474,0,3,O
embarrassed,intoxicated,en,en,0.966104565,0.53332175,0.272727273,0,0,O
disgust,intoxicated,en,en,1.023067789,0.476706669,0.111111111,0,4,O
envy,disgust,en,en,0.979121331,0.520681771,0,0,3,O
envy,appetite,en,en,1.023520151,0.476218927,0.166666667,0,4,O
disgust,appetite,en,en,1.000435495,0.499593579,0.266666667,0,1,O
envy,disgrace,en,en,1.043307539,0.45573851,0.166666667,0,4,O
costa,playa,es,es,0.977633055,0.522127789,0.2,0,0,O
costa,isla,es,es,1.04268478,0.456419981,0.444444444,0,1,O
playa,isla,es,es,1.016480172,0.483408103,0.444444444,0,1,O
mucho,especialmente,es,es,0.975140236,0.524575496,0.111111111,0,8,O
mucho,últimamente,es,es,1.005295902,0.494684651,0.125,0,6,O
especialmente,últimamente,es,es,0.967146457,0.532318498,0.583333333,0,2,O
demorar,realizar,es,es,0.946399112,0.552190239,0.4,0,1,O
demorar,dar,es,es,0.981862246,0.517959309,0.6,1,4,O
realizar,dar,es,es,0.96867031,0.530834523,0.363636364,0,5,O
realizar,interrumpir,es,es,0.95354389,0.545397553,0.315789474,0,3,O
realizar,continuar,es,es,0.914748927,0.581645502,0.352941176,0,1,O
interrumpir,continuar,es,es,0.941753954,0.556565454,0.3,0,2,O
demorar,interrumpir,es,es,0.940178744,0.558043264,0.333333333,0,4,O
policía,asesino,es,es,0.996507647,0.503450586,0.142857143,0,0,O
asesino,agente,es,es,1.034234717,0.46515543,0.461538462,1,1,O
policía,agente,es,es,1.021520661,0.478240716,0.153846154,0,1,O
fiesta,celebrar,es,es,0.884147097,0.609141793,0.285714286,0,2,O
fiesta,boda,es,es,0.948914006,0.54976299,0.2,0,2,O
celebrar,boda,es,es,0.974524951,0.525137392,0.333333333,0,4,O
entrar,regresar,es,es,0.907813681,0.587919286,0.571428571,0,2,O
entrar,continuar,es,es,0.946543565,0.552012039,0.533333333,0,3,O
continuar,regresar,es,es,0.861915657,0.628569038,0.235294118,0,1,O
entrar,escapar,es,es,0.98358782,0.516243788,0.461538462,1,1,O
regresar,escapar,es,es,0.899069675,0.595842725,0.533333333,0,1,O
accidente,desastre,es,es,0.919457378,0.577281562,0.470588235,0,1,O
accidente,explosión,es,es,0.966041542,0.533356037,0.222222222,0,0,O
desastre,explosión,es,es,0.958250933,0.540854244,0.235294118,0,1,O
accidente,catástrofe,es,es,0.987773901,0.512126893,0.210526316,0,1,O
catástrofe,explosión,es,es,0.884586909,0.608729696,0.105263158,0,1,O
accidente,suceso,es,es,1.006535772,0.493434162,0.266666667,0,3,O
desastre,suceso,es,es,0.993178901,0.506791599,0.285714286,0,2,O
catástrofe,desastre,es,es,0.655344436,0.785252041,0.555555556,0,2,O
lectura,lección,es,es,1.043698922,0.455369248,0.428571429,1,0,O
lectura,introducción,es,es,1.012517753,0.487413342,0.105263158,0,5,O
lección,introducción,es,es,1.014814574,0.485107335,0.526315789,0,5,O
fianza,delito,es,es,0.972990134,0.526641621,0.166666667,0,0,O
fianza,juicio,es,es,0.998910286,0.501100461,0.166666667,0,0,O
delito,juicio,es,es,0.948808105,0.549903127,0.333333333,0,0,O
apuntar,abatir,es,es,0.978812153,0.520946019,0.461538462,1,1,O
apuntar,arma,es,es,1.014342763,0.48552201,0.363636364,1,3,O
abatir,arma,es,es,1.003485909,0.496517191,0.4,1,2,O
enorme,extraordinario,es,es,1.0422205,0.456912891,0.3,1,8,O
extraordinario,increíble,es,es,0.989820923,0.510168475,0.260869565,0,5,O
enorme,increíble,es,es,0.911613663,0.584490481,0.266666667,0,3,O
celebrar,ceremonia,es,es,0.986823388,0.513091563,0.470588235,1,1,O
boda,ceremonia,es,es,0.985904965,0.513978106,0.307692308,0,5,O
marchar,regresar,es,es,0.76496596,0.707412321,0.266666667,0,1,O
marchar,continuar,es,es,0.928499499,0.568946229,0.25,0,2,O
marchar,escapar,es,es,0.957372999,0.541704501,0.285714286,0,0,O
capturar,trampa,es,es,1.028667522,0.470942413,0.428571429,0,2,O
capturar,escapar,es,es,0.877491402,0.615015223,0.666666667,0,1,O
trampa,escapar,es,es,0.951838531,0.547001499,0.461538462,0,1,O
capturar,hurtar,es,es,0.980825871,0.51900304,0.571428571,0,2,O
hurtar,escapar,es,es,0.990905702,0.509046374,0.307692308,0,1,O
insistir,compromiso,es,es,1.047773482,0.451070097,0.222222222,0,2,O
insistir,acordar,es,es,0.916121662,0.580350579,0.133333333,0,1,O
compromiso,acordar,es,es,1.041969582,0.4571263,0.352941176,0,3,O
capturar,localizar,es,es,0.893625475,0.600740321,0.470588235,0,1,O
capturar,destruir,es,es,0.916572681,0.579957039,0.375,0,0,O
localizar,destruir,es,es,0.922887702,0.574145271,0.235294118,0,1,O
víctima,delito,es,es,0.986992406,0.512937799,0.153846154,0,1,O
víctima,violación,es,es,1.025656287,0.47402857,0.375,1,2,O
delito,violación,es,es,0.887321458,0.606335809,0.266666667,0,3,O
automóvil,taxi,es,es,0.942354923,0.555971167,0.307692308,0,5,O
automóvil,cabina,es,es,1.048275803,0.450562382,0.266666667,0,3,O
taxi,cabina,es,es,1.038907493,0.460330062,0.4,0,2,O
automóvil,vagón,es,es,1.021469099,0.478284444,0.285714286,0,4,O
vagón,cabina,es,es,1.002164428,0.497826732,0.363636364,0,1,O
automóvil,bicicleta,es,es,0.984238736,0.515634243,0.111111111,0,0,O
bicicleta,taxi,es,es,0.966304502,0.533117354,0.307692308,0,5,O
vagón,bicicleta,es,es,1.047073039,0.451805296,0.142857143,0,4,O
vagón,taxi,es,es,1.008982448,0.490953163,0.222222222,0,1,O
detener,interrumpir,es,es,0.908536218,0.587293516,0.333333333,0,4,O
detener,demorar,es,es,0.960035827,0.539185436,0.428571429,1,0,O
contemplar,recordar,es,es,1.017373481,0.482451192,0.444444444,0,2,O
contemplar,imaginar,es,es,0.962422205,0.53683686,0.333333333,0,2,O
recordar,imaginar,es,es,0.911363572,0.58467315,0.25,0,0,O
exclamar,recordar,es,es,1.048662219,0.450169224,0.5,0,0,O
exclamar,consolar,es,es,1.037797249,0.461488161,0.5,0,0,O
recordar,consolar,es,es,1.018222981,0.481566976,0.5,0,0,O
decidir,discutir,es,es,0.910690914,0.585326194,0.4,1,1,O
decidir,acordar,es,es,0.929797811,0.567747091,0.285714286,0,0,O
discutir,acordar,es,es,0.882577991,0.610509511,0.266666667,0,1,O
delito,apología,es,es,1.031933578,0.467552453,0.285714286,0,2,O
apología,injuria,es,es,1.006744133,0.493222171,0.133333333,0,1,O
delito,injuria,es,es,0.950695198,0.548091055,0.153846154,0,1,O
asistir,invitación,es,es,1.005249745,0.49472517,0.235294118,0,3,O
asistir,invitar,es,es,0.861814533,0.6286486,0.285714286,0,0,O
invitación,invitar,es,es,0.849850705,0.6388823,0.705882353,1,3,O
investigar,localizar,es,es,0.897836784,0.596956765,0.315789474,0,1,O
investigar,examinar,es,es,0.855552827,0.634014354,0.444444444,0,2,O
localizar,examinar,es,es,0.961720256,0.537555836,0.470588235,0,1,O
probar,inventar,es,es,0.953397871,0.54550317,0.285714286,0,2,O
probar,introducir,es,es,1.018417473,0.481409546,0.375,0,4,O
introducir,inventar,es,es,0.935739852,0.56217351,0.444444444,1,2,O
introducir,retirar,es,es,0.988612305,0.511303847,0.352941176,0,3,O
introducir,remover,es,es,0.997492742,0.502475381,0.352941176,0,3,O
retirar,remover,es,es,0.845595885,0.642459212,0.428571429,1,0,O
introducir,apuntar,es,es,0.97402501,0.52560318,0.352941176,0,3,O
introducir,actualizar,es,es,0.943978347,0.554437402,0.2,0,0,O
apuntar,actualizar,es,es,0.978736451,0.520999874,0.470588235,1,3,O
insistir,discutir,es,es,0.88622711,0.607288069,0.625,0,0,O
insistir,hable,es,es,1.032769282,0.466667003,0,0,3,O
discutir,hable,es,es,1.02222073,0.477493683,0,0,3,O
insistir,contestar,es,es,0.872884506,0.619036739,0.470588235,0,1,O
discutir,contestar,es,es,0.936643182,0.561339807,0.352941176,0,1,O
magnífico,extraordinario,es,es,0.980341889,0.519490809,0.347826087,0,5,O
magnífico,increíble,es,es,0.974177735,0.525504571,0.222222222,0,0,O
nervioso,constipado,es,es,1.045552299,0.453377199,0.333333333,0,2,O
nervioso,alergico,es,es,1.041578566,0.45756513,0.5,0,0,O
constipado,alergico,es,es,1.038195126,0.461056465,0.222222222,0,2,O
casualidad,afortunadamente,es,es,0.961152589,0.538099825,0.4,0,5,O
casualidad,desgracia,es,es,0.997365996,0.502656564,0.210526316,0,1,O
afortunadamente,desgracia,es,es,0.851307917,0.637653027,0.166666667,0,6,O
ignorar,insistir,es,es,0.844373803,0.64352132,0.4,1,1,O
ignorar,Advertencia,es,es,1.001396435,0.498607228,0.222222222,0,4,O
insistir,Advertencia,es,es,1.036799797,0.462516146,0.105263158,0,3,O
molesto,disgusto,es,es,0.888379052,0.605398252,0.4,0,1,O
molesto,molestar,es,es,0.797766965,0.681785082,0.8,1,1,O
disgusto,molestar,es,es,0.941272909,0.557019096,0.25,0,0,O
ignorar,admitir,es,es,0.920797893,0.576082182,0.285714286,0,0,O
ignorar,contestar,es,es,0.894611603,0.599844352,0.375,0,2,O
admitir,contestar,es,es,0.942264846,0.556080235,0.25,0,2,O
insistir,admitir,es,es,0.871452144,0.620291997,0.533333333,0,1,O
designio,pretensión,es,es,0.993752268,0.506213508,0.444444444,0,2,O
designio,pretender,es,es,1.0439065,0.455148473,0.235294118,0,1,O
pretensión,pretender,es,es,0.889306466,0.604558716,0.631578947,1,1,O
engañar,molestar,es,es,0.912524241,0.583654803,0.4,0,1,O
engañar,despistar,es,es,0.909189183,0.586690468,0.375,0,2,O
molestar,despistar,es,es,0.961146024,0.538107566,0.588235294,0,1,O
pretender,alienar,es,es,0.948206602,0.550467328,0.375,0,2,O
imaginar,alienar,es,es,0.994028294,0.505932041,0.533333333,0,1,O
pretender,imaginar,es,es,0.960822653,0.538393952,0.117647059,0,1,O
insulto,grosería,es,es,0.842995125,0.644694913,0.133333333,0,1,O
insulto,injuria,es,es,0.919437671,0.577321084,0.428571429,1,0,O
grosería,injuria,es,es,0.987020755,0.512906586,0.266666667,0,1,O
archivar,insistir,es,es,1.001234952,0.498775876,0.125,0,0,O
archivar,contestar,es,es,0.970954896,0.528638711,0.235294118,0,1,O
grosería,disgusto,es,es,0.970621342,0.528972694,0.25,0,0,O
grosería,molestar,es,es,0.974917238,0.524787384,0.125,0,0,O
insistir,pretender,es,es,0.934410499,0.563446141,0.235294118,0,1,O
insistir,alienar,es,es,0.983888297,0.515985719,0.4,0,1,O
grosería,apología,es,es,1.033853452,0.465580056,0.375,0,0,O
concert,music,en,en,0.946386871,0.552167318,0.166666667,0,2,O
firm,company,en,en,0.869610085,0.621881626,0.181818182,0,3,O
college,bachelor,en,en,0.970523271,0.529032814,0.266666667,0,1,O
college,educated,en,en,1.025691381,0.473967288,0.266666667,0,1,O
importance,class,en,en,1.032249994,0.467224789,0.133333333,0,5,O
major,important,en,en,1.031267458,0.468239129,0.428571429,0,4,O
actually,much,en,en,0.927058412,0.570260417,0.166666667,0,4,O
especially,much,en,en,0.934405431,0.563443637,0.142857143,0,6,O
enormous,much,en,en,0.993406664,0.506549859,0.333333333,0,4,O
notice,note,en,en,1.030441187,0.469091838,0.8,1,2,O
enormous,large,en,en,0.778858723,0.696688379,0.153846154,0,3,O
island,coast,en,en,1.023745755,0.475966693,0.181818182,0,1,O
interesting,important,en,en,0.943651074,0.554754666,0.3,1,2,O
especially,important,en,en,0.949791003,0.54896034,0.210526316,0,1,O
famous,important,en,en,0.957509123,0.541609727,0.133333333,0,3,O
common,instance,en,en,1.021427609,0.478341156,0.142857143,0,2,O
chimpanzee,human,en,en,1.031117874,0.468454131,0.533333333,0,5,O
construction,design,en,en,0.985099706,0.514768307,0.111111111,0,6,O
comic,character,en,en,0.949445459,0.549264698,0.285714286,1,4,O
cast,character,en,en,1.018076721,0.481733798,0.461538462,1,5,O
novel,character,en,en,1.046671262,0.452226042,0.142857143,0,4,O
arm,body,en,en,1.0250068,0.474656196,0,0,1,O
actuality,actually,en,en,0.906136414,0.589445275,0.823529412,1,1,O
magazine,journalist,en,en,1.047027435,0.451875203,0.222222222,0,2,O
able,fortunately,en,en,0.961479147,0.537751624,0.266666667,0,7,O
able,locate,en,en,0.987759784,0.512156161,0.4,0,2,O
able,decide,en,en,1.015359222,0.484526539,0.2,0,2,O
artist,comic,en,en,1.047541789,0.451340105,0.181818182,0,1,O
concrete,construction,en,en,0.965084514,0.534291093,0.5,1,4,O
especially,instance,en,en,0.914341873,0.58200234,0.111111111,0,2,O
librarian,library,en,en,0.760635438,0.710705272,0.75,1,2,O
got,fortunately,en,en,1.041962926,0.457114003,0.285714286,0,8,O
adventure,novel,en,en,1.024327877,0.475386724,0.285714286,0,4,O
discuss,topic,en,en,1.024787178,0.474940542,0.333333333,0,2,O
argument,topic,en,en,1.031100563,0.468463156,0.153846154,0,3,O
interesting,topic,en,en,1.03175829,0.46775033,0.125,0,6,O
famous,favorite,en,en,0.99998172,0.50005997,0.428571429,1,2,O
famous,magnificent,en,en,1.011852272,0.488116731,0.117647059,0,5,O
appear,disappear,en,en,0.932329008,0.56537413,0.8,0,3,O
actually,appear,en,en,1.029083607,0.470482962,0.285714286,1,2,O
success,achieve,en,en,1.013073364,0.486845855,0.285714286,0,0,O
bachelor,master,en,en,0.946511891,0.552050484,0.428571429,0,2,O
actually,directly,en,en,1.000641839,0.499346397,0.5,0,0,O
immediately,directly,en,en,1.034908638,0.46448029,0.526315789,0,3,O
cause,serious,en,en,0.990293815,0.50964081,0.333333333,0,2,O
cause,confusion,en,en,1.030264893,0.469249874,0.428571429,1,4,O
cause,allergic,en,en,1.043885243,0.455120933,0.153846154,0,3,O
resume,continue,en,en,0.855587103,0.633979966,0.142857143,0,2,O
engage,continue,en,en,0.976588224,0.523117658,0.142857143,0,2,O
insist,continue,en,en,0.990010641,0.509909685,0.285714286,0,2,O
fiancé,parents,en,en,0.928961571,0.568510682,0.307692308,0,1,O
parents,immigrants,en,en,0.965989959,0.5334375,0.470588235,0,3,O
importance,important,en,en,0.996598771,0.503405429,0.842105263,1,1,O
importance,necessity,en,en,1.038485999,0.460805478,0.315789474,0,1,O
argument,remark,en,en,0.927002557,0.570357526,0.285714286,0,2,O
achieve,improve,en,en,0.938948385,0.559185375,0.428571429,0,0,O
introduce,improve,en,en,1.020339581,0.479456017,0.5,1,2,O
decent,improve,en,en,1.040432838,0.458740757,0.153846154,0,1,O
resumé,biography,en,en,1.046263901,0.452699982,0.133333333,0,3,O
serious,fortunately,en,en,0.998324386,0.501647854,0.111111111,0,4,O
injury,serious,en,en,1.005414377,0.494567986,0.307692308,0,1,O
cafeteria,floor,en,en,0.963425109,0.535911106,0.285714286,0,4,O
cartoon,comic,en,en,0.898588482,0.596256555,0.333333333,1,2,O
object,instance,en,en,1.042203243,0.456919793,0.142857143,0,2,O
affluent,educated,en,en,1.017257426,0.482604579,0.25,0,0,O
educated,parents,en,en,1.046466287,0.452449038,0.266666667,0,1,O
introduce,introduction,en,en,0.909531704,0.586363235,0.761904762,1,3,O
introduction,evolution,en,en,1.039286183,0.459914741,0.571428571,0,3,O
confusing,interesting,en,en,0.935509065,0.562405949,0.5,0,2,O
discuss,examine,en,en,0.926352136,0.570960311,0.142857143,0,0,O
magician,magic,en,en,0.782175837,0.694105054,0.769230769,1,3,O
curse,magic,en,en,1.044676103,0.454304054,0.2,0,0,O
absolutely,moment,en,en,0.995340168,0.504616386,0.25,0,4,O
injury,retire,en,en,0.988135578,0.511777479,0.333333333,0,0,O
injury,accident,en,en,0.999138124,0.500869649,0.285714286,0,2,O
exit,enter,en,en,1.030200946,0.469339988,0.444444444,1,1,O
determine,examine,en,en,0.876419643,0.615948793,0.625,0,2,O
determine,decide,en,en,0.891650425,0.602475638,0.4,1,3,O
determine,depend,en,en,0.929800151,0.567719003,0.533333333,1,3,O
camera,lens,en,en,0.872009627,0.619829857,0.2,0,2,O
candid,camera,en,en,1.015797504,0.484110261,0.333333333,1,0,O
conductor,cable,en,en,1.036669176,0.462679358,0.142857143,1,4,O
invent,describe,en,en,0.994664692,0.505336447,0.285714286,0,2,O
assume,ignore,en,en,0.861380073,0.629027523,0.166666667,0,0,O
assume,admit,en,en,0.891859983,0.602286613,0.363636364,1,1,O
actually,assume,en,en,0.913943735,0.582357454,0.285714286,1,2,O
parents,attend,en,en,1.020027353,0.47976761,0.461538462,0,1,O
dinner,attend,en,en,1.032212042,0.467273231,0.166666667,0,0,O
decide,pretend,en,en,0.878685592,0.613963047,0.153846154,0,1,O
actualize,achieve,en,en,0.931680138,0.565989658,0.5,1,2,O
burglar,gang,en,en,0.974046216,0.525602865,0.363636364,0,3,O
absolutely,admit,en,en,0.944630743,0.553803576,0.266666667,1,5,O
incredible,ultimate,en,en,1.004562079,0.495461282,0.222222222,0,2,O
insects,fruit,en,en,1.007976225,0.492014141,0.333333333,0,2,O
molester,victim,en,en,0.924125906,0.572996494,0.142857143,0,2,O
burglar,victim,en,en,1.010626672,0.489320636,0,0,1,O
victim,accident,en,en,1.021297337,0.478496535,0.285714286,0,2,O
destroy,reclaim,en,en,0.946406192,0.552157835,0.142857143,0,0,O
destroy,locate,en,en,0.969979288,0.529557068,0.153846154,0,1,O
confusing,confusion,en,en,0.8296803,0.65581329,0.888888889,1,0,O
deport,immigrants,en,en,1.00234103,0.497656999,0.25,0,4,O
affluent,immigrants,en,en,1.019622803,0.480206954,0.333333333,0,2,O
grass,corn,en,en,1.044537802,0.454420453,0.222222222,0,1,O
galaxy,alien,en,en,1.031445762,0.468058639,0.363636364,0,1,O
alien,bizarre,en,en,1.040841688,0.458313955,0.333333333,0,2,O
remark,impression,en,en,0.953325847,0.545578424,0.25,0,4,O
actually,impression,en,en,1.001639097,0.498343587,0,0,2,O
impression,impressed,en,en,1.038182884,0.461071325,0.736842105,1,1,O
galaxy,constellation,en,en,0.977864807,0.521884033,0.210526316,0,7,O
discuss,compromise,en,en,0.981772122,0.518077312,0.235294118,0,3,O
insist,compromise,en,en,1.018859676,0.480945652,0.25,0,4,O
compromise,accord,en,en,1.037708765,0.461588099,0.375,0,4,O
delight,joy,en,en,0.889650105,0.604281184,0,0,4,O
comfort,joy,en,en,1.0461321,0.452836965,0.2,0,4,O
bicycle,automobile,en,en,0.945221514,0.553245668,0.470588235,0,3,O
automobile,wagon,en,en,1.021164262,0.478610893,0.266666667,0,5,O
observatory,astronomer,en,en,0.777476128,0.697787148,0.285714286,0,1,O
embarrassed,hurt,en,en,0.901562422,0.59357736,0.133333333,0,7,O
realize,hurt,en,en,0.947429106,0.551192373,0.181818182,0,3,O
hurt,regret,en,en,0.949201222,0.549508335,0.4,0,2,O
confusing,actually,en,en,0.930401483,0.567167494,0.235294118,0,1,O
lessons,lesson,en,en,0.745425469,0.722185455,0.923076923,1,1,O
admire,impressed,en,en,0.899868807,0.595111573,0.4,0,3,O
embarrassed,impressed,en,en,0.952238437,0.546595571,0.5,0,2,O
brilliant,impressed,en,en,0.968286368,0.531207467,0.111111111,0,0,O
invent,introduce,en,en,0.966683568,0.532768589,0.4,1,3,O
quiet,gentle,en,en,0.873503045,0.618495481,0.363636364,0,1,O
adopt,adoption,en,en,0.788071266,0.689487953,0.769230769,1,3,O
stamp,stationery,en,en,1.036568227,0.462759242,0.4,1,5,O
resumé,advertisement,en,en,0.994238166,0.505754268,0.315789474,0,7,O
cabin,wagon,en,en,1.003050622,0.496967379,0.4,0,0,O
comfort,cabin,en,en,1.014793619,0.485121173,0.166666667,1,2,O
cabin,chimney,en,en,1.039497532,0.459729809,0.5,1,2,O
quit,retire,en,en,0.858696984,0.631332928,0.2,0,2,O
resume,quit,en,en,0.993800347,0.506213354,0.2,0,2,O
quit,tired,en,en,0.999116735,0.500898605,0.222222222,0,1,O
decent,interesting,en,en,0.956562868,0.542486607,0.235294118,0,5,O
decent,terrific,en,en,0.958491252,0.54064121,0.285714286,0,2,O
decent,pathetic,en,en,0.977696037,0.52203594,0.285714286,0,2,O
bark,trunk,en,en,1.046602236,0.452361426,0.444444444,0,1,O
comfort,luxury,en,en,1.010669615,0.489306831,0.153846154,0,1,O
affluent,luxury,en,en,1.046940982,0.451977222,0.285714286,0,2,O
curious,fascinate,en,en,0.890041522,0.603897211,0.25,0,2,O
enormous,incredible,en,en,0.947004234,0.551615337,0.111111111,0,2,O
decoration,ceramic,en,en,1.016466704,0.483402696,0.470588235,0,3,O
sympathetic,nervous,en,en,0.973732319,0.525906644,0.111111111,0,4,O
grip,rope,en,en,0.997322856,0.502720052,0.5,0,0,O
cart,wagon,en,en,1.014457564,0.485454111,0.222222222,0,1,O
continue,retire,en,en,0.998467601,0.501508476,0.428571429,0,2,O
embarrassed,tired,en,en,0.911806679,0.584279438,0.375,0,6,O
pathetic,tired,en,en,0.923964842,0.573121662,0.307692308,0,3,O
glorious,brave,en,en,1.036329851,0.462989502,0.153846154,0,3,O
pathetic,bizarre,en,en,0.942789759,0.555548239,0.266666667,0,1,O
dinner,vacation,en,en,1.014813278,0.485068058,0.285714286,0,2,O
resume,resumé,en,en,0.962089991,0.537196555,0.833333333,1,0,O
fruit,bark,en,en,1.025744076,0.473935521,0.222222222,0,1,O
apology,regret,en,en,0.88813173,0.605603626,0.153846154,0,1,O
contemplate,necessity,en,en,0.959560535,0.539642488,0.2,0,2,O
integer,arithmetic,en,en,0.789139715,0.688633949,0.352941176,0,3,O
remark,quotation,en,en,0.941795955,0.556503981,0.133333333,0,3,O
quotation,instance,en,en,1.035966592,0.463377842,0.352941176,0,1,O
exotic,fascinate,en,en,1.006067319,0.493881759,0.133333333,0,3,O
delicate,exotic,en,en,1.020096584,0.479696621,0.428571429,0,2,O
exotic,bizarre,en,en,1.040300673,0.458857208,0.153846154,0,1,O
alarm,burglar,en,en,0.992372697,0.507593978,0.5,0,2,O
sympathetic,pathetic,en,en,1.046774197,0.452108468,0.842105263,0,3,O
sympathetic,impressed,en,en,1.047937512,0.45089931,0.3,0,2,O
excited,embarrassed,en,en,0.980134287,0.519654048,0.333333333,1,4,O
excited,moment,en,en,0.999033408,0.500953692,0.307692308,0,1,O
excited,curious,en,en,1.030313307,0.469228606,0.285714286,0,0,O
ceramic,vase,en,en,1.047946463,0.450899512,0.181818182,0,3,O
announce,celebrate,en,en,1.012467367,0.487437936,0.235294118,0,1,O
invite,announce,en,en,1.035789679,0.463550284,0.285714286,0,2,O
announce,retire,en,en,1.043874533,0.455142123,0.142857143,0,2,O
dare,pretend,en,en,0.968088725,0.531432066,0.363636364,0,3,O
insult,pathetic,en,en,0.893637661,0.600664568,0.142857143,0,2,O
insult,disgust,en,en,0.903357067,0.591959161,0.615384615,0,1,O
realize,disappear,en,en,0.956705984,0.542352972,0.25,0,2,O
ferocious,furious,en,en,0.912907268,0.583299881,0.75,1,2,O
magician,clown,en,en,1.003205139,0.496804919,0.307692308,0,3,O
tramp,clown,en,en,1.028000778,0.471624404,0,0,0,O
admit,regret,en,en,0.905326924,0.590173142,0.181818182,0,1,O
appoint,retire,en,en,1.024148715,0.475533657,0.153846154,0,1,O
appoint,decide,en,en,1.032320977,0.467139372,0.153846154,0,1,O
appoint,detain,en,en,1.040811755,0.458338602,0.461538462,0,1,O
cafeteria,grocery,en,en,0.992576722,0.507376191,0.375,0,2,O
vegetable,grocery,en,en,1.029345807,0.470244379,0.125,0,2,O
stationery,grocery,en,en,1.044444426,0.454582123,0.470588235,0,3,O
delicate,brilliant,en,en,1.009825648,0.490142156,0.470588235,0,1,O
delight,glorious,en,en,0.995273611,0.504727627,0.266666667,0,1,O
spectacles,gloves,en,en,1.041990648,0.457139349,0.375,0,4,O
delight,disgust,en,en,0.947547561,0.551108623,0.571428571,1,0,O
delight,fascinate,en,en,0.954234767,0.544718901,0.125,0,2,O
dynamite,explosion,en,en,1.019847498,0.479967028,0.117647059,0,1,O
obedience,necessity,en,en,1.009648974,0.49033652,0.333333333,0,0,O
invent,pretend,en,en,1.003933324,0.496068258,0.307692308,0,1,O
actualize,articulate,en,en,1.03601985,0.463324869,0.421052632,1,1,O
admire,fascinate,en,en,0.849121846,0.639484366,0.4,0,3,O
admire,regret,en,en,0.983776829,0.516090513,0.333333333,0,0,O
pathetic,pretend,en,en,0.929723685,0.567800088,0.4,1,1,O
molest,intoxicated,en,en,0.988042828,0.511901312,0.235294118,0,5,O
actualize,actuality,en,en,0.946433172,0.552127474,0.777777778,1,0,O
burglar,plumber,en,en,1.00624494,0.493751097,0.285714286,0,0,O
insist,contemplate,en,en,0.952158726,0.546688254,0.235294118,0,5,O
molest,detain,en,en,0.991555525,0.50840558,0.333333333,0,0,O
detain,investigate,en,en,0.992297405,0.507674673,0.235294118,0,5,O
escape,deport,en,en,1.020724542,0.479061672,0.333333333,0,0,O
allergic,preservative,en,en,0.993788131,0.506235602,0.3,0,4,O
juice,preservative,en,en,1.029735349,0.469887429,0.235294118,0,7,O
vegetable,preservative,en,en,1.041426056,0.457782131,0.19047619,0,3,O
molester,molest,en,en,0.779819704,0.695936791,0.857142857,1,2,O
molest,pretend,en,en,0.979424025,0.520368233,0.307692308,0,1,O
pretension,pathetic,en,en,1.010392562,0.489545465,0.444444444,1,2,O
blouse,demure,en,en,1.023033993,0.476698426,0.333333333,0,0,O
actualize,contemplate,en,en,0.959621764,0.539570662,0.3,0,2,O
historia,leyenda,es,es,1.03950113,0.459724967,0.133333333,0,1,O
forma,manera,es,es,0.641375514,0.794324074,0.363636364,0,1,O
familia,parientes,es,es,0.994780207,0.505184166,0.25,0,2,O
importante,mayor,es,es,1.045859881,0.453099239,0.4,0,5,O
agosto,diciembre,es,es,0.363456146,0.933949189,0,0,3,O
concierto,música,es,es,1.032908321,0.466553909,0.133333333,0,3,O
largo,ancho,es,es,0.947192979,0.551403978,0.4,0,0,O
momento,inmediatamente,es,es,0.97374204,0.525923991,0.476190476,0,7,O
tal,momento,es,es,1.003197887,0.496816046,0.2,0,4,O
momento,afortunadamente,es,es,1.003381084,0.4966221,0.454545455,0,8,O
observatorio,astrónomo,es,es,0.95968512,0.539519561,0.19047619,0,3,O
actualidad,actualmente,es,es,0.597525154,0.821479616,0.571428571,1,1,O
importancia,importante,es,es,0.862976164,0.627646976,0.761904762,1,1,O
interesante,importante,es,es,0.909782963,0.586141153,0.571428571,1,1,O
enorme,importante,es,es,1.041389144,0.457757977,0.375,0,4,O
finalmente,último,es,es,1.005983037,0.4940056,0.25,0,4,O
momento,último,es,es,1.033901577,0.465524318,0.307692308,0,1,O
tal,manera,es,es,0.98628283,0.513649426,0.222222222,0,3,O
manera,necesidad,es,es,1.030527035,0.469027131,0.4,0,3,O
inmediatamente,finalmente,es,es,0.844552225,0.643378109,0.666666667,0,4,O
afortunadamente,finalmente,es,es,0.988813299,0.511138581,0.64,0,5,O
finalmente,regresar,es,es,0.999697189,0.500326272,0.111111111,0,2,O
mucho,afortunadamente,es,es,0.99852359,0.501484602,0.1,0,10,O
tal,imaginar,es,es,1.008469395,0.491477854,0.181818182,0,5,O
fábrica,compañía,es,es,1.044585291,0.454388914,0.266666667,0,1,O
común,diferente,es,es,0.984341501,0.515588806,0.142857143,0,4,O
víctima,causa,es,es,0.958066861,0.541047931,0.333333333,0,2,O
anunciar,dar,es,es,0.971830767,0.527750559,0.363636364,0,5,O
bachiller,colegio,es,es,0.879194649,0.613501326,0.375,0,2,O
educado,colegio,es,es,1.017976689,0.481867347,0.285714286,0,0,O
minutos,minuto,es,es,0.723367465,0.738369387,0.923076923,1,1,O
minutos,hora,es,es,0.876399561,0.615968095,0.181818182,0,3,O
atmósfera,aire,es,es,1.00844456,0.491522518,0.307692308,1,5,O
importancia,contribución,es,es,1.039804568,0.459399716,0.260869565,0,1,O
gente,diversión,es,es,0.973738307,0.525920399,0.285714286,0,4,O
molestar,gente,es,es,1.036496927,0.462856961,0.307692308,0,3,O
lente,cámara,es,es,1.02749326,0.472144235,0,0,1,O
artista,abstracto,es,es,0.971998832,0.527601887,0.5,1,2,O
rosa,flor,es,es,0.981923266,0.517878922,0.25,0,0,O
demorar,hora,es,es,1.020674238,0.479111701,0.545454545,0,3,O
completo,íntegro,es,es,1.000385236,0.49962519,0.133333333,0,1,O
firma,contrato,es,es,0.922788031,0.574202352,0.307692308,0,3,O
fiesta,diversión,es,es,1.003650801,0.496330223,0.4,0,3,O
atención,atender,es,es,0.946163083,0.552406375,0.533333333,1,1,O
tal,objeto,es,es,1.048712544,0.450116518,0.222222222,0,3,O
memoria,recordar,es,es,0.974450168,0.525217318,0.533333333,0,1,O
inmediatamente,directamente,es,es,1.042200403,0.456895762,0.692307692,0,2,O
directamente,manera,es,es,1.046954287,0.451942495,0.222222222,0,6,O
directamente,instancia,es,es,1.048025515,0.450822832,0.380952381,0,3,O
fianza,dinero,es,es,0.976609748,0.523119752,0.333333333,0,0,O
ropa,dinero,es,es,1.044712176,0.454292118,0.4,0,2,O
evolución,introducción,es,es,1.003495725,0.496521041,0.571428571,0,3,O
chimpancé,humano,es,es,1.018240826,0.481595469,0.533333333,0,3,O
carta,noticia,es,es,1.031862578,0.467596408,0.333333333,0,2,O
carta,invitación,es,es,1.039881652,0.459314535,0.266666667,0,5,O
curso,afluente,es,es,1.015778086,0.484101299,0.153846154,0,3,O
resumen,nota,es,es,1.040481365,0.458664222,0.181818182,0,3,O
Advertencia,nota,es,es,1.046205716,0.452716922,0.266666667,0,7,O
espectáculos,concierto,es,es,1.035478474,0.463918656,0.285714286,0,3,O
concierto,celebrar,es,es,1.047877951,0.451006617,0.352941176,1,1,O
comodidad,necesidad,es,es,0.983596147,0.516285911,0.555555556,0,0,O
convicción,necesidad,es,es,1.015323382,0.484563594,0.210526316,0,1,O
insistir,necesidad,es,es,1.02705106,0.472584426,0.352941176,0,1,O
diferente,interesante,es,es,0.968993746,0.530521561,0.7,0,2,O
diferente,adaptar,es,es,1.045290615,0.453686855,0.25,0,2,O
curioso,famoso,es,es,0.973985092,0.525679666,0.461538462,0,1,O
favorito,famoso,es,es,0.998266357,0.501750247,0.571428571,1,2,O
impresionado,famoso,es,es,1.032093426,0.467427364,0.333333333,0,6,O
bachiller,abogado,es,es,1.013074242,0.486798913,0.25,0,2,O
accidente,chocar,es,es,0.983695044,0.516148486,0.133333333,0,3,O
barco,yate,es,es,0.852713657,0.636411933,0.222222222,0,1,O
barco,vagón,es,es,1.015166179,0.484672408,0.2,0,0,O
introducir,introducción,es,es,0.905426833,0.59010314,0.818181818,1,2,O
instancia,juicio,es,es,1.039183747,0.460088772,0.4,0,3,O
inmediatamente,furioso,es,es,1.040499568,0.458700037,0.095238095,0,7,O
dinamita,arma,es,es,1.034793448,0.464586916,0.5,0,4,O
pieza,máquina,es,es,1.04634166,0.452555132,0.333333333,0,2,O
pretensión,argumento,es,es,1.027440519,0.472145871,0.315789474,0,1,O
insistir,argumento,es,es,1.046063234,0.452858415,0.235294118,0,1,O
inventar,máquina,es,es,0.969189987,0.530313557,0.4,0,1,O
fruta,flor,es,es,0.956589081,0.542437256,0.444444444,1,1,O
lectura,impresión,es,es,0.999203728,0.500787661,0.125,0,2,O
librería,lectura,es,es,1.040546453,0.458629889,0.4,1,1,O
suceso,noticia,es,es,0.991567895,0.50836739,0.153846154,0,1,O
anunciar,noticia,es,es,1.004671285,0.495285769,0.533333333,0,1,O
determinar,decidir,es,es,0.835486792,0.650986269,0.352941176,1,3,O
determinar,examinar,es,es,0.884877715,0.608483467,0.666666667,0,2,O
determinar,describir,es,es,1.002534902,0.497460441,0.526315789,1,1,O
resumen,resumir,es,es,0.919997457,0.576774941,0.714285714,1,0,O
detener,escapar,es,es,0.863935594,0.626814376,0.285714286,0,0,O
desaparecer,aparecer,es,es,0.910200571,0.585756445,0.842105263,0,3,O
minuto,balón,es,es,1.001196784,0.498788517,0.181818182,0,1,O
aventura,diversión,es,es,0.966942827,0.532502653,0.352941176,0,1,O
curioso,interesante,es,es,0.790979526,0.687156832,0.222222222,0,4,O
magnífico,interesante,es,es,0.968703216,0.530794081,0.2,0,2,O
cerámica,decoración,es,es,0.964761338,0.534607904,0.333333333,0,2,O
concreto,tal,es,es,1.037117187,0.46221169,0.181818182,0,5,O
concreto,diferente,es,es,1.045636428,0.453338854,0.352941176,0,1,O
ropa,blusa,es,es,0.883952612,0.609296934,0.222222222,0,1,O
convicción,compromiso,es,es,0.969308991,0.530209747,0.3,1,0,O
detener,destruir,es,es,0.79509722,0.683914395,0.533333333,1,1,O
millón,billón,es,es,0.73491043,0.729948982,0.833333333,0,0,O
víctima,asesino,es,es,0.930709654,0.566876804,0.142857143,0,0,O
parada,taxi,es,es,0.980018342,0.519775958,0.2,0,2,O
magia,mago,es,es,0.845146981,0.642863941,0.666666667,1,1,O
magia,fascinar,es,es,1.026815845,0.47281549,0.461538462,0,3,O
nervioso,celular,es,es,1.027576537,0.472049243,0.266666667,0,1,O
terrorífico,asesino,es,es,1.015705381,0.484171293,0.222222222,0,4,O
espectáculos,diversión,es,es,1.002877465,0.497109104,0.19047619,0,3,O
constelación,galaxia,es,es,0.949016865,0.549685853,0.315789474,0,5,O
estampa,impresión,es,es,0.921750823,0.57518675,0.25,0,2,O
impreso,impresión,es,es,0.940954457,0.557289071,0.75,1,2,O
costumbre,fiesta,es,es,1.030754801,0.468782682,0.266666667,0,3,O
instancia,decidir,es,es,1.00494967,0.495076459,0.25,0,2,O
instancia,finalmente,es,es,1.022258333,0.477526411,0.315789474,0,1,O
embarazada,boda,es,es,0.937348889,0.560670408,0.428571429,0,6,O
enviar,contestar,es,es,0.96412005,0.535256912,0.4,0,3,O
localizar,enviar,es,es,0.97496762,0.524749557,0.4,0,3,O
marchar,enviar,es,es,0.982651317,0.517205199,0.307692308,0,1,O
curioso,dato,es,es,0.965244803,0.534123848,0.181818182,0,3,O
discriminación,violación,es,es,0.972674277,0.526965481,0.52173913,0,5,O
molesto,débil,es,es,1.029919409,0.469607793,0.166666667,0,2,O
blando,débil,es,es,1.039145582,0.460041324,0.363636364,0,1,O
excitado,débil,es,es,1.046624727,0.452262262,0.153846154,0,3,O
asistir,celebrar,es,es,0.869386675,0.622084099,0.266666667,0,1,O
celebrar,anunciar,es,es,0.917560516,0.579044583,0.375,0,0,O
jornalero,oficio,es,es,0.996402479,0.503568786,0.266666667,0,3,O
describir,resumir,es,es,0.951310144,0.547510349,0.5,0,2,O
introducir,describir,es,es,0.999240592,0.500763289,0.315789474,0,1,O
remarcar,recordar,es,es,0.891151216,0.602912535,0.5,1,0,O
ignorar,recordar,es,es,0.954042153,0.544897141,0.533333333,0,1,O
yarda,balón,es,es,1.04489677,0.454104175,0.2,0,0,O
asistir,atender,es,es,0.92317806,0.573882672,0.428571429,1,0,O
confusión,confuso,es,es,0.905535703,0.58998686,0.75,1,2,O
confusión,disgusto,es,es,1.041087066,0.4580781,0.235294118,0,1,O
adoptar,asumir,es,es,0.994365733,0.505618368,0.307692308,1,1,O
insistir,asumir,es,es,1.008491101,0.491472423,0.428571429,0,2,O
decidir,asumir,es,es,1.011993957,0.487956602,0.307692308,0,1,O
molesto,serio,es,es,0.986568295,0.513345033,0.166666667,0,2,O
curioso,serio,es,es,1.026641286,0.472995417,0.5,0,2,O
serio,insistir,es,es,1.036331371,0.463014555,0.307692308,0,3,O
investigar,detener,es,es,0.964763116,0.534629638,0.352941176,0,3,O
probar,realizar,es,es,0.990864436,0.509116472,0.428571429,0,2,O
mucho,lento,es,es,1.012652823,0.487259091,0.2,0,0,O
lento,delicado,es,es,1.032491637,0.466960335,0.307692308,0,3,O
introducir,adaptar,es,es,0.905338688,0.59016911,0.235294118,0,3,O
blando,grueso,es,es,1.048738666,0.450064035,0.166666667,0,0,O
curioso,extraordinario,es,es,1.038472547,0.460798853,0.285714286,0,7,O
retirar,enviar,es,es,0.988066587,0.511869108,0.615384615,0,1,O
nervioso,simpático,es,es,0.857521522,0.632320875,0.235294118,0,1,O
nervioso,apetito,es,es,1.040242919,0.458961318,0.4,0,1,O
adopción,adoptar,es,es,0.798737573,0.681014799,0.533333333,1,1,O
adaptar,adoptar,es,es,0.960455085,0.538754549,0.857142857,1,0,O
atender,contestar,es,es,0.960563475,0.538675801,0.375,0,2,O
insulto,discriminación,es,es,1.047114774,0.451795557,0.19047619,0,7,O
cómico,patético,es,es,1.032970624,0.466478197,0.428571429,0,2,O
cómico,risa,es,es,1.034976555,0.464378222,0.2,0,2,O
embarazada,consolar,es,es,0.961480088,0.537748335,0.222222222,0,2,O
trampa,engañar,es,es,0.906499895,0.589131427,0.153846154,0,1,O
farmacia,cafetería,es,es,1.011769499,0.488151587,0.235294118,0,1,O
curioso,casualidad,es,es,0.959261836,0.539899603,0.352941176,1,3,O
azar,casualidad,es,es,1.022182288,0.477558664,0.285714286,0,6,O
librero,impreso,es,es,1.02609407,0.473548913,0.571428571,0,0,O
librería,librero,es,es,0.82247682,0.661759087,0.8,1,1,O
librería,cafetería,es,es,1.02878558,0.470779193,0.470588235,0,1,O
desastre,desgracia,es,es,0.970307312,0.52926209,0.470588235,1,1,O
sopa,jamón,es,es,1.00667913,0.493299454,0.222222222,0,1,O
lección,lecciones,es,es,0.806731616,0.674603388,0.75,1,2,O
aritmética,lecciones,es,es,1.040786496,0.458384625,0.105263158,0,1,O
acompañar,invitar,es,es,0.965496064,0.533914033,0.25,0,2,O
acompañar,improvisar,es,es,0.993047849,0.50690959,0.421052632,0,1,O
acompañar,realizar,es,es,1.001090465,0.498917479,0.352941176,0,1,O
alarma,Advertencia,es,es,0.911332299,0.584745266,0.117647059,1,5,O
fascinar,increíble,es,es,0.977763704,0.522006479,0.352941176,0,1,O
jamón,grasa,es,es,1.023048811,0.476668701,0.2,0,0,O
inspección,examinar,es,es,1.035301487,0.464065492,0.222222222,0,2,O
dólar,billón,es,es,0.984110319,0.51578707,0.181818182,0,1,O
dólar,cotización,es,es,1.001383523,0.498646038,0.133333333,0,5,O
vaso,gota,es,es,0.959501011,0.539679492,0.25,0,0,O
apuntar,localizar,es,es,0.914531219,0.581802261,0.375,0,2,O
confeti,globos,es,es,1.022484562,0.47724782,0.153846154,0,1,O
asumir,depender,es,es,1.03551126,0.463863107,0.142857143,0,2,O
grosería,risa,es,es,1.026641296,0.472997768,0.5,0,4,O
contemplar,admirar,es,es,0.706104546,0.750714023,0.352941176,0,3,O
archivar,actualizar,es,es,0.953652237,0.545277141,0.222222222,1,2,O
reclamar,pretensión,es,es,0.998126415,0.501846111,0.222222222,0,2,O
reclamar,decidir,es,es,1.023165226,0.476582985,0.4,0,1,O
reclamar,insistir,es,es,1.032811275,0.466643403,0.125,0,0,O
feroz,furioso,es,es,0.977968302,0.521799851,0.5,1,2,O
obediencia,convicción,es,es,0.982599196,0.517270197,0.4,0,0,O
adaptar,acomodar,es,es,0.929521581,0.5680192,0.533333333,1,1,O
clon,destruir,es,es,1.046674166,0.452208458,0,0,4,O
introducir,distribuir,es,es,1.000215002,0.499796118,0.6,0,0,O
enviar,distribuir,es,es,1.010430572,0.489553467,0.25,0,4,O
realizar,distribuir,es,es,1.040161886,0.459072143,0.333333333,0,2,O
cafetería,taxi,es,es,1.047913183,0.450906468,0.153846154,0,5,O
molesto,impresionado,es,es,0.986461236,0.513457505,0.421052632,0,5,O
fascinar,impresionado,es,es,0.99155546,0.50842566,0.4,0,4,O
cartón,trapo,es,es,0.955413905,0.543604556,0.181818182,0,1,O
estampa,cartón,es,es,1.013066676,0.486857877,0.153846154,0,1,O
carpeta,cartón,es,es,1.044809073,0.454182634,0.615384615,1,1,O
afortunadamente,escapar,es,es,0.944707611,0.553762437,0.181818182,0,8,O
comodidad,confortar,es,es,0.978835604,0.520974599,0.444444444,1,0,O
comodidad,acomodar,es,es,0.990109686,0.509889846,0.705882353,0,1,O
molesto,furioso,es,es,0.93429483,0.563555517,0.428571429,0,0,O
blando,delicado,es,es,1.020332029,0.479433272,0.571428571,0,2,O
molestar,hable,es,es,1.024813471,0.474860598,0.307692308,0,3,O
pretensión,convicción,es,es,0.986814613,0.513078487,0.4,0,0,O
furioso,escapar,es,es,1.035189422,0.464203512,0.142857143,0,0,O
decepción,disgusto,es,es,0.899818037,0.595180817,0.235294118,1,1,O
vagón,tirado,es,es,1.025309709,0.474345941,0.181818182,0,1,O
molesto,confuso,es,es,0.953814274,0.545101986,0.428571429,0,0,O
confuso,interesante,es,es,1.025969858,0.473661947,0.222222222,0,4,O
fascinar,imaginar,es,es,0.957211826,0.541849157,0.625,0,0,O
insulto,molesto,es,es,0.993426459,0.506555036,0.428571429,0,0,O
estampa,autógrafo,es,es,1.017458151,0.482384608,0.25,0,2,O
ignorar,molestar,es,es,0.880923186,0.611998624,0.4,0,1,O
apuntar,ignorar,es,es,0.953120328,0.545762302,0.428571429,0,0,O
discutir,invitar,es,es,0.912371098,0.583791605,0.4,0,1,O
examinar,remover,es,es,0.978119149,0.521617577,0.4,0,1,O
fascinar,admirar,es,es,0.978925804,0.520874762,0.533333333,0,1,O
magnífico,admirar,es,es,0.995592673,0.504419369,0.25,0,2,O
dinamita,explosión,es,es,0.968899267,0.530591309,0.235294118,0,1,O
dinamita,trampa,es,es,1.037415881,0.46187493,0.428571429,0,2,O
insistir,resumir,es,es,0.973867635,0.525784459,0.4,0,1,O
simpático,patético,es,es,0.965157241,0.534232303,0.588235294,0,1,O
simpático,molesto,es,es,1.033840597,0.465574315,0.375,0,2,O
atender,acomodar,es,es,0.975017836,0.524718889,0.4,1,1,O
interesante,decente,es,es,1.002898644,0.497068279,0.333333333,0,4,O
decente,increíble,es,es,1.02822217,0.471381328,0.25,0,2,O
decente,diversión,es,es,1.048599232,0.450194355,0.375,1,2,O
pretender,quite,es,es,1.02302976,0.476726946,0.285714286,0,4,O
curioso,exótico,es,es,1.039222772,0.46001027,0.285714286,0,0,O
fascinar,exótico,es,es,1.046195718,0.452759248,0.133333333,0,1,O
terrorífico,bizarro,es,es,1.027348913,0.472310912,0.333333333,0,4,O
autógrafo,librero,es,es,1.021404357,0.478345219,0.25,0,2,O
remarcar,resumir,es,es,1.00193115,0.498060954,0.533333333,1,1,O
introducir,remarcar,es,es,1.010191338,0.48974827,0.333333333,0,2,O
adaptar,improvisar,es,es,1.021769196,0.477977905,0.352941176,0,3,O
inventar,improvisar,es,es,1.042346929,0.456728266,0.444444444,1,2,O
abatir,detener,es,es,0.972163073,0.527471396,0.307692308,0,1,O
grosería,patético,es,es,1.030094787,0.469471886,0.125,0,0,O
terrorífico,increíble,es,es,1.004094921,0.495938575,0.2,0,2,O
localizar,despistar,es,es,0.949168389,0.549553953,0.333333333,0,0,O
consolar,confortar,es,es,0.842182753,0.645359532,0.705882353,1,1,O
contagioso,alergico,es,es,1.023348699,0.476394716,0.222222222,0,2,O
deportar,escapar,es,es,1.038145972,0.461118403,0.533333333,0,1,O
confeti,diversión,es,es,1.03819935,0.461012104,0.125,0,2,O
exclamar,contestar,es,es,0.982895549,0.51698791,0.352941176,0,1,O
hurtar,engañar,es,es,0.915481283,0.580944098,0.307692308,0,1,O
vacación,diversión,es,es,1.029512059,0.470070018,0.470588235,0,1,O
atender,confortar,es,es,0.970197676,0.529393589,0.25,0,2,O
accidente,accident,es,en,0.84856358,0.639974018,0.941176471,1,1,C
acompañar,accompany,es,en,0.965524479,0.533860758,0.666666667,1,0,C
acrobático,acrobatic,es,en,1.039089784,0.46015525,0.842105263,1,1,C
activo,active,es,en,0.822037444,0.662150197,0.833333333,1,0,C
actividades,activities,es,en,0.865406621,0.625554379,0.761904762,1,1,C
admire,admirar,en,es,1.095819191,0.399615847,0.769230769,1,1,C
admit,admitir,en,es,1.053090628,0.445488258,0.833333333,1,2,C
adult,adulto,en,es,0.995191906,0.50481581,0.909090909,1,1,C
aventura,adventure,es,en,0.896498048,0.598153945,0.823529412,1,1,C
adapt,adaptar,en,es,0.931559499,0.566070119,0.833333333,1,2,C
adopt,adoptar,en,es,0.881997319,0.611047108,0.833333333,1,2,C
adopción,adoption,es,en,0.813557521,0.669079381,0.75,1,0,C
agent,agente,en,es,0.850703432,0.638148099,0.909090909,1,1,C
august,agosto,en,es,0.925578549,0.571648228,0.666666667,1,0,C
aire,air,es,en,1.014407832,0.485504096,0.857142857,1,1,C
alarm,alarma,en,es,0.935095904,0.562805933,0.909090909,1,1,C
allergic,alergico,en,es,1.094927806,0.400574205,0.875,1,0,C
announce,anunciar,en,es,0.944130086,0.554299942,0.625,1,0,C
appear,aparecer,en,es,0.992670993,0.50729201,0.571428571,1,2,C
apetito,appetite,es,en,0.946535102,0.55205944,0.8,1,1,C
area,área,en,es,0.969358669,0.530202781,0.75,0,0,C
aritmética,arithmetic,es,en,0.917743423,0.578875272,0.8,1,0,C
artist,artista,en,es,0.888514811,0.60528827,0.923076923,1,1,C
association,asociación,en,es,0.868971881,0.622425145,0.761904762,1,1,C
astronomer,astrónomo,en,es,0.838118333,0.648803923,0.736842105,1,1,C
atmósfera,atmosphere,es,en,0.912552716,0.583643147,0.631578947,1,1,C
atención,attention,es,en,1.05636063,0.442056327,0.705882353,1,1,C
autógrafo,autograph,es,en,1.027804544,0.471809423,0.666666667,1,0,C
automóvil,automobile,es,en,0.972540133,0.527058926,0.736842105,1,1,C
bicycle,bicicleta,en,es,0.97360776,0.52603073,0.75,1,2,C
biography,biografía,en,es,0.863295129,0.627382012,0.666666667,1,0,C
blouse,blusa,en,es,1.091950603,0.403790979,0.727272727,1,1,C
brilliant,brillante,en,es,1.010853758,0.489101727,0.888888889,1,0,C
cabin,cabina,en,es,1.141398331,0.348613963,0.909090909,1,1,C
cafetería,cafeteria,es,en,1.023184499,0.476500667,0.888888889,1,0,C
camera,cámara,en,es,1.130949415,0.360521436,0.666666667,1,0,C
camouflage,camuflaje,en,es,0.927772391,0.569587665,0.842105263,1,1,C
captain,capitán,en,es,0.919387601,0.577358395,0.714285714,1,0,C
capturar,capture,es,en,0.899280023,0.595677009,0.8,1,1,C
catástrofe,catastrophe,es,en,0.924190024,0.572917062,0.761904762,1,1,C
cause,causa,en,es,1.053056964,0.445488933,0.8,1,0,C
celebrar,celebrate,es,en,0.961304109,0.537945036,0.823529412,1,1,C
centro,center,es,en,1.0130284,0.486883,0.833333333,1,0,C
cerámica,ceramic,es,en,0.938176966,0.559898096,0.8,1,1,C
ceremony,ceremonia,en,es,0.838257126,0.648666853,0.823529412,1,1,C
chimney,chimenea,en,es,1.049418753,0.449370795,0.8,1,1,C
chimpanzee,chimpancé,en,es,0.93044117,0.567168081,0.736842105,1,1,C
circle,círculo,en,es,0.920791556,0.576046058,0.615384615,1,1,C
clase,class,es,en,0.954360838,0.544583525,0.8,1,0,C
costa,coast,es,en,0.982585711,0.517288476,0.8,1,0,C
colony,colonia,en,es,1.0293116,0.470274948,0.769230769,1,1,C
comité,committee,es,en,0.949668995,0.549076323,0.666666667,1,3,C
común,common,es,en,0.88024174,0.612621045,0.727272727,1,1,C
completo,complete,es,en,1.082284976,0.414373019,0.875,1,0,C
compañía,company,es,en,0.894721571,0.599724529,0.666666667,1,1,C
concierto,concert,es,en,0.878149879,0.614449862,0.875,1,2,C
confeti,confetti,es,en,1.048127674,0.450673521,0.933333333,1,1,C
confusing,confuso,en,es,1.071849182,0.425550326,0.75,1,2,C
confusión,confusion,es,en,0.913098954,0.583120802,0.888888889,1,0,C
constelación,constellation,es,en,0.935010321,0.56286617,0.8,1,1,C
construcción,construction,es,en,0.875374606,0.616859298,0.833333333,1,0,C
contagious,contagioso,en,es,0.999681314,0.500325423,0.9,1,0,C
continent,continente,en,es,0.997408853,0.502602115,0.947368421,1,1,C
continuar,continue,es,en,1.017906283,0.481932997,0.823529412,1,1,C
contract,contrato,en,es,0.852313282,0.636768651,0.875,1,0,C
contribution,contribución,en,es,0.902244474,0.592941767,0.833333333,1,0,C
curioso,curious,es,en,1.077345052,0.419641511,0.857142857,1,0,C
december,diciembre,en,es,0.925778975,0.57146207,0.705882353,1,1,C
decidir,decide,es,en,1.017091033,0.482784517,0.769230769,1,1,C
decoración,decoration,es,en,1.027616183,0.47201304,0.8,1,0,C
delicate,delicado,en,es,0.971609875,0.527994524,0.75,1,0,C
depend,depender,en,es,1.176402724,0.308023365,0.857142857,1,2,C
deportar,deport,es,en,1.07526759,0.42188003,0.857142857,1,2,C
describir,describe,es,en,0.915686234,0.58078131,0.823529412,1,1,C
destroy,destruir,en,es,0.892215153,0.601970623,0.666666667,1,1,C
detener,detain,es,en,1.233868696,0.238804275,0.615384615,1,1,C
determine,determinar,en,es,0.875020097,0.617155832,0.842105263,1,1,C
dictador,dictator,es,en,0.883027752,0.610129539,0.875,1,0,C
diferente,different,es,en,1.036862161,0.462451883,0.888888889,1,0,C
dirección,direction,es,en,0.886484884,0.607052076,0.777777778,1,0,C
directamente,directly,es,en,0.849599617,0.639076276,0.6,1,4,C
disappear,desaparecer,en,es,1.022924122,0.476801332,0.6,1,2,C
disaster,desastre,en,es,0.904394643,0.591019045,0.75,1,0,C
discriminación,discrimination,es,en,0.943369302,0.555026905,0.857142857,1,0,C
discuss,discutir,en,es,1.009245946,0.490714173,0.666666667,1,1,C
disgrace,desgracia,en,es,1.105280245,0.389179404,0.705882353,1,1,C
distancia,distance,es,en,0.96016033,0.539044544,0.823529412,1,1,C
distribute,distribuir,en,es,0.951345001,0.547499882,0.8,1,0,C
dólar,dollar,es,en,0.937800331,0.560287454,0.727272727,1,1,C
double,doble,en,es,0.974869432,0.524791456,0.909090909,1,1,C
dinamita,dynamite,es,en,1.066196281,0.431616306,0.75,1,0,C
eléctrico,electric,es,en,0.903754978,0.591619691,0.823529412,1,1,C
enormous,enorme,en,es,0.949076809,0.549617861,0.714285714,1,2,C
energía,energy,es,en,0.834245587,0.65202926,0.769230769,1,1,C
entrar,enter,es,en,0.913250628,0.582960871,0.727272727,1,1,C
escape,escapar,en,es,0.959217118,0.539960963,0.769230769,1,1,C
especially,especialmente,en,es,0.913490531,0.582796281,0.695652174,1,3,C
evolution,evolución,en,es,0.908962805,0.586902047,0.777777778,1,0,C
examine,examinar,en,es,0.976454991,0.523276018,0.8,1,1,C
exclamar,exclaim,es,en,1.244680513,0.225451473,0.8,1,1,C
explosión,explosion,es,en,0.858710824,0.631293433,0.888888889,1,0,C
exótico,exotic,es,en,0.934738782,0.563133412,0.769230769,1,1,C
extraordinary,extraordinario,en,es,1.014919268,0.484993038,0.888888889,1,1,C
family,familia,en,es,0.771934874,0.70204573,0.769230769,1,1,C
famous,famoso,en,es,0.893408344,0.600947213,0.833333333,1,0,C
fascinar,fascinate,es,en,1.036443737,0.462877167,0.823529412,1,1,C
favorito,favorite,es,en,0.951672817,0.547172283,0.875,1,0,C
feroz,ferocious,es,en,1.053210886,0.445359901,0.571428571,1,4,C
finalmente,finally,es,en,0.977854677,0.521918662,0.588235294,1,3,C
flower,flor,en,es,0.946347674,0.552197269,0.8,1,2,C
afortunadamente,fortunately,es,en,1.0167054,0.483122971,0.692307692,0,4,C
fruta,fruit,es,en,1.008241385,0.491714223,0.8,1,0,C
furioso,furious,es,en,1.097716389,0.39753731,0.857142857,1,0,C
galaxy,galaxia,en,es,0.986098915,0.51381372,0.769230769,1,1,C
jardín,garden,es,en,0.944742282,0.553736785,0.666666667,0,0,C
glorious,glorioso,en,es,1.061024806,0.437119743,0.875,1,0,C
group,grupo,en,es,0.832937255,0.653096642,0.8,1,0,C
guide,guía,en,es,0.910947847,0.585083205,0.444444444,1,1,C
historia,history,es,en,0.946964118,0.551619585,0.8,1,1,C
hora,hour,es,en,1.050809507,0.447894351,0.75,1,0,C
human,humano,en,es,1.008276172,0.491712469,0.909090909,1,1,C
identificación,identification,es,en,0.936063636,0.561884105,0.857142857,1,0,C
imaginar,imagine,es,en,1.109507593,0.384458681,0.8,1,1,C
inmediatamente,immediately,es,en,0.92057242,0.576277761,0.64,1,3,C
inmigrantes,immigrants,es,en,0.888378585,0.605389953,0.857142857,1,1,C
importance,importancia,en,es,1.02144599,0.478345957,0.857142857,1,1,C
importante,important,es,en,0.886726598,0.606860875,0.947368421,1,1,C
impresionado,impressed,es,en,0.966678214,0.532772664,0.666666667,1,3,C
impression,impresión,en,es,1.153470255,0.334732558,0.842105263,1,1,C
incredible,increíble,en,es,0.964644826,0.534775391,0.842105263,1,1,C
independencia,independence,es,en,0.860728831,0.629585427,0.88,1,1,C
information,información,en,es,0.895295577,0.599267282,0.818181818,1,0,C
insectos,insects,es,en,0.977092334,0.52265988,0.933333333,1,1,C
insist,insistir,en,es,1.177504552,0.306717066,0.857142857,1,2,C
inspection,inspección,en,es,0.898171715,0.596649898,0.8,1,0,C
intelligence,inteligencia,en,es,0.88241573,0.610671058,0.833333333,1,0,C
interesante,interesting,es,en,0.979102839,0.520660775,0.727272727,1,0,C
interrupt,interrumpir,en,es,1.032379644,0.467069609,0.8,1,2,C
introduction,introducción,en,es,0.827296223,0.657781447,0.833333333,1,0,C
invent,inventar,en,es,0.941216893,0.557039788,0.857142857,1,2,C
investigar,investigate,es,en,0.908601238,0.587224411,0.857142857,1,1,C
invitación,invitation,es,en,0.931458131,0.56618221,0.8,1,0,C
invite,invitar,en,es,0.991308902,0.508662676,0.769230769,1,1,C
island,isla,en,es,0.831297456,0.654460099,0.8,1,2,C
líder,leader,es,en,0.884806934,0.608576212,0.727272727,1,1,C
limón,lemon,es,en,1.061288349,0.436826728,0.6,1,0,C
lente,lens,es,en,0.992638771,0.507353287,0.666666667,1,1,C
lesson,lección,en,es,0.997537959,0.502493497,0.461538462,1,1,C
lessons,lecciones,en,es,0.921988595,0.574976839,0.625,1,2,C
línea,line,es,en,0.878171492,0.614447635,0.666666667,1,1,C
lista,list,es,en,0.920485568,0.576360553,0.888888889,1,1,C
localizar,locate,es,en,0.873069236,0.618875195,0.533333333,1,3,C
machine,máquina,en,es,1.077773074,0.419191919,0.428571429,1,0,C
magia,magic,es,en,0.924723889,0.57242561,0.8,1,0,C
magician,mago,en,es,0.947426087,0.551217542,0.5,1,4,C
magnífico,magnificent,es,en,0.926650042,0.570670425,0.7,1,2,C
manner,manera,en,es,1.158898796,0.328510069,0.833333333,1,0,C
mapa,map,es,en,0.908630618,0.587193196,0.857142857,1,1,C
marchar,march,es,en,1.371013275,0.060157982,0.833333333,1,2,C
medal,medalla,en,es,0.88592253,0.607559023,0.833333333,1,2,C
memoria,memory,es,en,0.775608729,0.699215881,0.769230769,1,1,C
millón,million,es,en,0.946216128,0.552348685,0.769230769,1,1,C
minute,minuto,en,es,0.901236367,0.593870075,0.833333333,1,0,C
minutes,minutos,en,es,0.811681927,0.670619125,0.857142857,1,0,C
momento,moment,es,en,1.039820162,0.459376233,0.923076923,1,1,C
monumento,monument,es,en,0.850612585,0.638235247,0.941176471,1,1,C
mucho,much,es,en,1.026964323,0.472663703,0.888888889,1,1,C
música,music,es,en,0.884177855,0.609086153,0.727272727,1,1,C
necesidad,necessity,es,en,1.030765313,0.468782575,0.666666667,1,0,C
nervioso,nervous,es,en,0.985960141,0.513926941,0.8,1,1,C
obediencia,obedience,es,en,0.940506667,0.557755139,0.842105263,1,1,C
object,objeto,en,es,1.016333493,0.483549618,0.833333333,1,0,C
observatory,observatorio,en,es,0.988755278,0.511200084,0.869565217,1,1,C
abate,abatir,en,es,1.336866568,0.106402531,0.727272727,1,1,FC
able,hable,en,es,1.439867292,-0.036650438,0.888888889,0,1,FC
absolutely,absoluto,en,es,1.251294698,0.217062275,0.777777778,1,2,FC
abstract,abstracto,en,es,0.954264486,0.544672732,0.941176471,1,1,FC
accommodate,acomodar,en,es,0.980134072,0.519686956,0.736842105,1,3,FC
accord,acordar,en,es,1.225933844,0.248540426,0.769230769,1,1,FC
archivar,achieve,es,en,1.403479736,0.015152929,0.666666667,1,1,FC
actuality,actualidad,en,es,1.383874745,0.042426323,0.736842105,1,1,FC
actualize,actualizar,en,es,1.311892412,0.139456035,0.842105263,1,1,FC
actually,actualmente,en,es,1.372558254,0.058018757,0.631578947,1,3,FC
advertisement,Advertencia,en,es,1.349051834,0.090041882,0.583333333,1,2,FC
affluent,afluente,en,es,1.371011317,0.060159967,0.875,1,0,FC
alien,alienar,en,es,1.29085328,0.166863122,0.833333333,1,2,FC
anchor,ancho,en,es,1.39949906,0.020671977,0.909090909,1,1,FC
anticuado,antique,es,en,1.33147644,0.113534012,0.625,1,2,FC
apología,apology,es,en,1.251011215,0.217459842,0.8,1,1,FC
apuntar,appoint,es,en,1.431409138,-0.024560801,0.571428571,1,0,FC
argument,argumento,en,es,1.129195081,0.362477473,0.941176471,1,1,FC
arm,arma,en,es,1.293464797,0.163451539,0.857142857,1,1,FC
articulate,articular,en,es,1.110687854,0.383175047,0.842105263,1,1,FC
asesino,assassin,es,en,1.110612466,0.383216349,0.666666667,1,1,FC
asistir,assist,es,en,1.252858152,0.215167225,0.769230769,1,1,FC
assume,asumir,en,es,1.141247528,0.348796615,0.666666667,1,0,FC
asylum,asilo,en,es,0.990342183,0.509642877,0.545454545,1,1,FC
atender,attend,es,en,1.256304605,0.210878481,0.769230769,1,1,FC
avocado,abogado,en,es,1.494273359,-0.116446114,0.714285714,1,0,FC
bachiller,bachelor,es,en,1.153980242,0.334173482,0.705882353,1,1,FC
balde,bald,es,en,1.420557591,-0.008934834,0.888888889,1,1,FC
balloon,balón,en,es,1.289069835,0.169168099,0.666666667,1,2,FC
banco,bank,es,en,0.962206158,0.53705502,0.666666667,1,1,FC
barco,bark,es,en,1.355024361,0.081910633,0.666666667,1,1,FC
bat,bate,en,es,1.252456786,0.215634703,0.857142857,1,1,FC
billion,billón,en,es,1.032108444,0.467384186,0.769230769,1,1,FC
bizarro,bizarre,es,en,1.225649403,0.248883192,0.857142857,1,0,FC
blando,bland,es,en,1.288751896,0.169507681,0.909090909,1,1,FC
boda,body,es,en,1.463957482,-0.071646812,0.75,1,0,FC
bravo,brave,es,en,1.328698668,0.117263546,0.8,1,0,FC
burglar,burgués,en,es,1.36659749,0.066234868,0.571428571,1,0,FC
camp,campo,en,es,1.21454883,0.262435954,0.888888889,1,1,FC
candido,candid,es,en,1.361217569,0.073602724,0.923076923,1,1,FC
capa,cap,es,en,1.211536694,0.266077134,0.857142857,1,1,FC
carpet,carpeta,en,es,1.29661224,0.159363733,0.923076923,1,1,FC
cart,carta,en,es,1.413680703,0.000744097,0.888888889,1,1,FC
cartón,cartoon,es,en,1.325953751,0.120901748,0.769230769,1,1,FC
cast,casto,en,es,1.45594105,-0.05987402,0.888888889,1,1,FC
casualty,casualidad,en,es,1.445701166,-0.044997172,0.666666667,1,2,FC
celular,cellular,es,en,0.990817476,0.509153139,0.933333333,1,1,FC
carácter,character,es,en,1.243026331,0.227416193,0.823529412,1,1,FC
choke,chocar,en,es,1.367781737,0.064539815,0.545454545,1,1,FC
clon,clown,es,en,1.42023598,-0.008579205,0.888888889,1,1,FC
codo,code,es,en,1.424717242,-0.014935877,0.75,1,0,FC
college,colegio,en,es,1.131996223,0.359259325,0.714285714,1,0,FC
comfort,confortar,en,es,1.072565289,0.424853044,0.75,1,2,FC
cómico,comic,es,en,1.153159824,0.335095179,0.727272727,1,1,FC
commodity,comodidad,en,es,1.411926878,0.003320642,0.666666667,1,0,FC
complex,complejo,en,es,0.900802337,0.594261027,0.8,1,1,FC
compromise,compromiso,en,es,1.17573753,0.308803371,0.9,1,0,FC
concrete,concreto,en,es,1.170158964,0.315348733,0.875,1,0,FC
console,consolar,en,es,1.309374202,0.142716714,0.8,1,1,FC
constipado,constipated,es,en,1.114043698,0.379400706,0.857142857,1,1,FC
contemplar,contemplate,es,en,1.199734146,0.280313931,0.857142857,1,1,FC
contest,contestar,en,es,1.348276418,0.09103281,0.875,1,2,FC
convention,convicción,en,es,1.414119811,0.000110822,0.5,1,0,FC
corno,corn,es,en,1.450678783,-0.052229925,0.888888889,1,1,FC
costumbre,costume,es,en,1.367525791,0.064999227,0.875,1,2,FC
craneo,crane,es,en,1.337910524,0.104983417,0.909090909,1,1,FC
curse,curso,en,es,1.459585119,-0.065187799,0.8,1,0,FC
dare,dar,en,es,1.345992496,0.094150642,0.857142857,1,1,FC
date,dato,en,es,1.289265372,0.168920596,0.75,1,0,FC
decent,decente,en,es,1.043740121,0.455284013,0.923076923,1,1,FC
decepción,deception,es,en,1.241173002,0.229738867,0.777777778,1,0,FC
delight,delito,en,es,1.524086582,-0.161369314,0.769230769,1,1,FC
demorar,demure,es,en,1.493177441,-0.114746233,0.615384615,1,1,FC
deporte,deport,es,en,1.452445675,-0.054838534,0.923076923,1,1,FC
desert,desierto,en,es,0.902677041,0.592600793,0.857142857,1,2,FC
designio,design,es,en,1.387371363,0.03757089,0.857142857,1,2,FC
despite,despistar,en,es,1.404053849,0.01430396,0.75,1,2,FC
devil,débil,en,es,1.39441198,0.027802798,0.6,1,0,FC
dinner,dinero,en,es,1.363588992,0.070335483,0.833333333,1,0,FC
disgusto,disgust,es,en,1.11048615,0.383448281,0.933333333,1,1,FC
diversion,diversión,en,es,1.324314751,0.123118054,0.888888889,1,0,FC
educado,educated,es,en,0.999397378,0.5006228,0.8,1,1,FC
embarrassed,embarazada,en,es,1.262418591,0.203112101,0.666666667,1,1,FC
engañar,engage,es,en,1.263153098,0.202212715,0.615384615,1,1,FC
envy,enviar,en,es,1.480830122,-0.096377532,0.6,1,2,FC
excited,excitado,en,es,1.02004917,0.479750743,0.8,1,1,FC
exit,éxito,en,es,1.400506687,0.019256772,0.666666667,0,1,FC
fábrica,fabric,es,en,1.312584858,0.138521992,0.769230769,1,1,FC
farmacia,farm,es,en,1.384592594,0.041475672,0.666666667,1,4,FC
fiesta,feast,es,en,1.105261675,0.389205477,0.727272727,1,1,FC
fianza,fiancé,es,en,1.360626121,0.074336737,0.666666667,1,0,FC
fila,file,es,en,1.347126379,0.09266531,0.75,1,0,FC
firm,firma,en,es,1.251742789,0.21654127,0.888888889,1,1,FC
flor,floor,es,en,1.450828046,-0.052432666,0.888888889,1,1,FC
forma,form,es,en,1.072739917,0.424604716,0.888888889,1,1,FC
ganga,gang,es,en,1.402965028,0.015859066,0.888888889,1,1,FC
gente,gentle,es,en,1.388949146,0.035416255,0.909090909,1,1,FC
globos,gloves,es,en,1.290610751,0.167225806,0.666666667,1,0,FC
got,gota,en,es,1.404148372,0.014154686,0.857142857,1,1,FC
grape,grapa,en,es,1.365804525,0.067338767,0.8,1,0,FC
grass,grasa,en,es,1.393914786,0.02842558,0.8,1,0,FC
grip,gripa,en,es,1.375854687,0.053525181,0.888888889,1,1,FC
grosería,grocery,es,en,1.493898467,-0.11582142,0.666666667,1,1,FC
gross,grueso,en,es,1.3652184,0.068070246,0.545454545,1,1,FC
hazard,azar,en,es,1.396122197,0.025374716,0.8,0,2,FC
humano,humane,es,en,1.323649108,0.124011779,0.833333333,1,0,FC
hurtar,hurt,es,en,1.289841618,0.168149858,0.8,1,2,FC
idioma,idiom,es,en,1.306656248,0.146337816,0.909090909,1,1,FC
ignorar,ignore,es,en,1.063854374,0.434125391,0.769230769,1,1,FC
impreso,impressed,es,en,1.430515697,-0.023218502,0.75,1,2,FC
improvisar,improve,es,en,1.381708927,0.045416117,0.705882353,1,3,FC
influencia,influenza,es,en,1.483736874,-0.100715106,0.842105263,1,1,FC
injury,injuria,en,es,1.284213635,0.175378646,0.769230769,1,1,FC
instancia,instance,es,en,1.244693982,0.225394545,0.823529412,1,1,FC
insulto,insult,es,en,1.016059304,0.483782934,0.923076923,1,1,FC
integer,íntegro,en,es,1.385225837,0.040566592,0.714285714,0,0,FC
intoxicado,intoxicated,es,en,1.158849468,0.32857272,0.857142857,1,1,FC
introducir,introduce,es,en,0.97682912,0.522902605,0.842105263,1,1,FC
jamón,jam,es,en,1.363899663,0.069904718,0.75,1,2,FC
jornalero,journalist,es,en,1.356119032,0.080463077,0.631578947,1,1,FC
joya,joy,es,en,1.294587579,0.162045616,0.857142857,1,1,FC
juice,juicio,en,es,1.4356616,-0.030493129,0.727272727,1,1,FC
large,largo,en,es,1.321633119,0.126657299,0.8,1,0,FC
lectura,lecture,es,en,1.253914826,0.213841537,0.857142857,1,0,FC
legend,leyenda,en,es,0.941571782,0.556698399,0.769230769,1,1,FC
lent,lento,en,es,1.398920577,0.021423194,0.888888889,1,1,FC
librarian,librero,en,es,1.208807094,0.269359384,0.625,1,2,FC
library,librería,en,es,1.098546995,0.396588362,0.666666667,1,1,FC
luxury,lujuria,en,es,1.41383927,0.000559513,0.615384615,1,1,FC
magazine,magacín,en,es,1.227742677,0.246330095,0.666666667,1,1,FC
major,mayor,en,es,1.127999965,0.363810279,0.8,1,0,FC
mantel,mantle,es,en,1.333071967,0.11148642,0.833333333,1,0,FC
master,maestro,en,es,0.970846332,0.528735629,0.769230769,1,1,FC
molest,molestar,en,es,1.230613615,0.242796826,0.857142857,1,2,FC
molester,molesto,en,es,1.320611006,0.127983436,0.8,1,1,FC
nota,note,es,en,1.232729869,0.240163783,0.75,1,0,FC
notice,noticia,en,es,1.313010803,0.137959278,0.769230769,1,1,FC
novela,novel,es,en,0.869691233,0.62183407,0.909090909,1,1,FC
nude,nudo,en,es,1.447737145,-0.047922073,0.75,1,0,FC
oficio,office,es,en,1.316820086,0.132937025,0.666666667,1,0,FC
overol,overall,es,en,1.35771258,0.07830474,0.769230769,1,1,FC
parada,parade,es,en,1.286689084,0.172181031,0.833333333,1,0,FC
parientes,parents,es,en,1.198364502,0.28193253,0.875,1,2,FC
pathetic,patético,en,es,1.135494469,0.355309822,0.75,1,0,FC
piece,pieza,en,es,0.990457177,0.509476811,0.6,1,0,FC
play,playa,en,es,1.372350298,0.058356182,0.888888889,1,1,FC
plomero,plumber,es,en,1.11706434,0.376103345,0.714285714,1,0,FC
policy,policía,en,es,1.43435726,-0.028707899,0.769230769,1,1,FC
preservativo,preservative,es,en,1.271808154,0.191359471,0.916666667,1,0,FC
pretend,pretender,en,es,1.144873386,0.344658158,0.875,1,2,FC
pretensión,pretension,es,en,1.094018281,0.401547057,0.9,1,0,FC
primo,prime,es,en,1.238537735,0.233012984,0.8,1,0,FC
probar,probe,es,en,1.349231481,0.089806897,0.727272727,1,1,FC
pulp,pulpo,en,es,1.381409972,0.045903235,0.888888889,1,1,FC
quiet,quieto,en,es,1.178311321,0.305793169,0.909090909,1,1,FC
quit,quite,en,es,1.368976804,0.063018498,0.888888889,1,1,FC
quotation,cotización,en,es,1.389501555,0.034642199,0.526315789,0,1,FC
realize,realizar,en,es,1.40158334,0.017825246,0.8,1,1,FC
reclamar,reclaim,es,en,1.086752718,0.409480973,0.8,1,1,FC
record,recordar,en,es,1.405997514,0.011514774,0.857142857,1,2,FC
regresar,regret,es,en,1.372474215,0.058174081,0.714285714,1,2,FC
relatives,relativos,en,es,1.414868238,-0.001006571,0.888888889,1,0,FC
remark,remarcar,en,es,1.363317381,0.070680908,0.714285714,1,2,FC
remove,remover,en,es,0.99544706,0.504533432,0.923076923,1,1,FC
resume,resumir,en,es,1.341696687,0.099930076,0.769230769,1,1,FC
resumen,resumé,es,en,1.29201447,0.165299812,0.769230769,1,1,FC
retirar,retire,es,en,1.243088629,0.227333767,0.769230769,1,1,FC
risa,rise,es,en,1.444020557,-0.042640699,0.75,1,0,FC
ropa,rope,es,en,1.365611215,0.067608758,0.75,1,0,FC
rose,rosa,en,es,1.178287762,0.30579296,0.75,1,0,FC
serio,serious,es,en,1.076663601,0.420413611,0.833333333,1,2,FC
several,severo,en,es,1.415972397,-0.002532029,0.769230769,1,1,FC
sign,signo,en,es,1.181367758,0.302201858,0.888888889,1,1,FC
soap,sopa,en,es,1.367805937,0.064556351,0.75,1,0,FC
espectáculos,spectacles,es,en,1.218959926,0.257073692,0.727272727,0,2,FC
estampa,stamp,es,en,1.225834181,0.248659292,0.833333333,0,2,FC
stationery,estacionario,en,es,1.494697618,-0.117015631,0.636363636,0,2,FC
success,suceso,en,es,1.339900843,0.102342896,0.769230769,1,1,FC
soportar,support,es,en,1.290331612,0.16753583,0.666666667,1,1,FC
simpático,sympathetic,es,en,1.107618883,0.386574983,0.6,1,2,FC
tabla,table,es,en,1.034293493,0.465117739,0.8,1,0,FC
tail,tal,en,es,1.489857443,-0.109788547,0.857142857,1,1,FC
target,targeta,en,es,1.225746646,0.248743694,0.923076923,1,1,FC
tax,taxi,en,es,1.388580066,0.035868439,0.857142857,1,1,FC
terrorífico,terrific,es,en,1.224223893,0.250671882,0.736842105,1,3,FC
tirado,tired,es,en,1.351570165,0.086591636,0.727272727,1,1,FC
tópico,topic,es,en,1.313476193,0.137443455,0.727272727,1,1,FC
tramp,trampa,en,es,1.356821845,0.079555006,0.909090909,1,1,FC
trap,trapo,en,es,1.353687763,0.083802128,0.888888889,1,1,FC
tronco,trunk,es,en,1.169441016,0.316230541,0.545454545,1,1,FC
ultimate,último,en,es,1.312864875,0.138182275,0.571428571,0,2,FC
últimamente,ultimately,es,en,1.406047905,0.01148277,0.666666667,0,1,FC
vacación,vacation,es,en,0.965494697,0.533924764,0.75,1,0,FC
varios,various,es,en,1.044433861,0.454584908,0.923076923,1,1,FC
vaso,vase,es,en,1.1558566,0.332024492,0.75,1,0,FC
vegetal,vegetable,es,en,1.181545776,0.302016934,0.875,1,2,FC
victim,víctima,en,es,0.950879472,0.547926224,0.769230769,1,1,FC
violation,violación,en,es,1.044022634,0.454990451,0.777777778,1,0,FC
vagón,wagon,es,en,1.136665808,0.354007191,0.6,0,0,FC
yacht,yate,en,es,0.989449483,0.510475842,0.666666667,1,1,FC
yard,yarda,en,es,1.148863334,0.340067534,0.888888889,1,1,FC
